{"cameraMode":{"drawMode":0,"name":"Shaded","section":"Shading Mode"},"sceneLighting":false,"audioPlay":false,"sceneViewState":{"showFog":true,"showMaterialUpdate":false,"showSkybox":false,"showFlares":true,"showImageEffects":true,"showParticleSystems":true},"in2DMode":false,"pivot":{"x":-0.1728000044822693,"y":3.395699977874756,"z":0.3091000020503998},"rotation":{"x":-0.08802028745412827,"y":0.9056583642959595,"z":-0.23173494637012483,"w":-0.34399786591529848},"size":0.26033511757850649,"orthographic":true}